id,name,state
1,Anderson,43
2,Bedford,43
3,Benton,43
4,Bledsoe,43
5,Blount,43
6,Bradley,43
7,Campbell,43
8,Cannon,43
9,Carroll,43
10,Carter,43
11,Cheatham,43
12,Chester,43
13,Claiborne,43
14,Clay,43
15,Cocke,43
16,Coffee,43
17,Crockett,43
18,Cumberland,43
19,Davidson,43
20,Decatur,43
21,DeKalb,43
22,Dickson,43
23,Dyer,43
24,Fayette,43
25,Fentress,43
26,Franklin,43
27,Gibson,43
28,Giles,43
29,Grainger,43
30,Greene,43
31,Grundy,43
32,Hamblen,43
33,Hamilton,43
34,Hancock,43
35,Hardeman,43
36,Hardin,43
37,Hawkins,43
38,Haywood,43
39,Henderson,43
40,Henry,43
41,Hickman,43
42,Houston,43
43,Humphreys,43
44,Jackson,43
45,Jefferson,43
46,Johnson,43
47,Knox,43
48,Lake,43
49,Lauderdale,43
50,Lawrence,43
51,Lewis,43
52,Lincoln,43
53,Loudon,43
54,Macon,43
55,Madison,43
56,Marion,43
57,Marshall,43
58,Maury,43
59,McMinn,43
60,McNairy,43
61,Meigs,43
62,Monroe,43
63,Montgomery,43
64,Moore,43
65,Morgan,43
66,Obion,43
67,Overton,43
68,Perry,43
69,Pickett,43
70,Polk,43
71,Putnam,43
72,Rhea,43
73,Roane,43
74,Robertson,43
75,Rutherford,43
76,Scott,43
77,Sequatchie,43
78,Sevier,43
79,Shelby,43
80,Smith,43
81,Stewart,43
82,Sullivan,43
83,Sumner,43
84,Tipton,43
85,Trousdale,43
86,Unicoi,43
87,Union,43
88,Van Buren,43
89,Warren,43
90,Washington,43
91,Wayne,43
92,Weakley,43
93,White,43
94,Williamson,43
95,Wilson,43
